codec,file,method,spearman_corr,precision_at_20pct
EnCodec_3kbps,1089-134686-0000.flac,A1,0.3767902034152709,0.2833333333333333
EnCodec_3kbps,1089-134686-0000.flac,A2,0.519217505160324,0.55
EnCodec_3kbps,1089-134686-0000.flac,B1,0.05777470965738606,0.2833333333333333
EnCodec_3kbps,1089-134686-0000.flac,A4,-0.15154417395122546,0.08333333333333333
EnCodec_3kbps,1089-134686-0000.flac,composite,0.3045686556706539,0.26666666666666666
EnCodec_3kbps,1188-133604-0000.flac,A1,0.32924863805270815,0.16666666666666666
EnCodec_3kbps,1188-133604-0000.flac,A2,0.7068338454793314,0.6166666666666667
EnCodec_3kbps,1188-133604-0000.flac,B1,0.0,0.0
EnCodec_3kbps,1188-133604-0000.flac,A4,-0.273413067055522,0.06666666666666667
EnCodec_3kbps,1188-133604-0000.flac,composite,0.323308107312875,0.3
EnCodec_3kbps,121-121726-0000.flac,A1,0.3599413568240977,0.18333333333333332
EnCodec_3kbps,121-121726-0000.flac,A2,0.32497235031823274,0.4
EnCodec_3kbps,121-121726-0000.flac,B1,0.23808286212645943,0.36666666666666664
EnCodec_3kbps,121-121726-0000.flac,A4,-0.31706824898164276,0.05
EnCodec_3kbps,121-121726-0000.flac,composite,0.3324252560686525,0.3
EnCodec_3kbps,1221-135766-0000.flac,A1,0.003035343240033046,0.11666666666666667
EnCodec_3kbps,1221-135766-0000.flac,A2,0.012237377655658419,0.31666666666666665
EnCodec_3kbps,1221-135766-0000.flac,B1,-0.08182227675044373,0.25
EnCodec_3kbps,1221-135766-0000.flac,A4,-0.18556358936589326,0.05
EnCodec_3kbps,1221-135766-0000.flac,composite,-0.07126485945089318,0.16666666666666666
EnCodec_3kbps,1284-1180-0000.flac,A1,0.3746876304398145,0.4666666666666667
EnCodec_3kbps,1284-1180-0000.flac,A2,0.09552052617245202,0.4166666666666667
EnCodec_3kbps,1284-1180-0000.flac,B1,0.09584590561658843,0.55
EnCodec_3kbps,1284-1180-0000.flac,A4,-0.25748153253577966,0.15
EnCodec_3kbps,1284-1180-0000.flac,composite,0.1403787414545426,0.2833333333333333
EnCodec_3kbps,1320-122612-0000.flac,A1,0.1720989886443767,0.23333333333333334
EnCodec_3kbps,1320-122612-0000.flac,A2,0.13954302765502408,0.31666666666666665
EnCodec_3kbps,1320-122612-0000.flac,B1,0.06248718799111946,0.016666666666666666
EnCodec_3kbps,1320-122612-0000.flac,A4,-0.3290320005905065,0.1
EnCodec_3kbps,1320-122612-0000.flac,composite,-0.03249342592919861,0.16666666666666666
EnCodec_3kbps,1580-141083-0000.flac,A1,0.15258027519940412,0.11666666666666667
EnCodec_3kbps,1580-141083-0000.flac,A2,-0.13992999704104728,0.2833333333333333
EnCodec_3kbps,1580-141083-0000.flac,B1,0.08916675834219243,0.016666666666666666
EnCodec_3kbps,1580-141083-0000.flac,A4,-0.45150947828029403,0.05
EnCodec_3kbps,1580-141083-0000.flac,composite,-0.2104931199830462,0.1
EnCodec_3kbps,1995-1826-0000.flac,A1,0.33998010849075,0.21666666666666667
EnCodec_3kbps,1995-1826-0000.flac,A2,-0.04503380734468521,0.36666666666666664
EnCodec_3kbps,1995-1826-0000.flac,B1,0.2139501154463997,0.25
EnCodec_3kbps,1995-1826-0000.flac,A4,-0.33159182956710265,0.15
EnCodec_3kbps,1995-1826-0000.flac,composite,-0.003972603714878628,0.21666666666666667
EnCodec_3kbps,2094-142345-0000.flac,A1,0.3419000771361944,0.4666666666666667
EnCodec_3kbps,2094-142345-0000.flac,A2,-0.1989378052561225,0.26666666666666666
EnCodec_3kbps,2094-142345-0000.flac,B1,0.0,0.0
EnCodec_3kbps,2094-142345-0000.flac,A4,-0.30975929040201183,0.18333333333333332
EnCodec_3kbps,2094-142345-0000.flac,composite,0.00034473834061303374,0.25
EnCodec_3kbps,2300-131720-0000.flac,A1,0.20902694992716164,0.25
EnCodec_3kbps,2300-131720-0000.flac,A2,0.2937630757680732,0.4166666666666667
EnCodec_3kbps,2300-131720-0000.flac,B1,0.0,0.26666666666666666
EnCodec_3kbps,2300-131720-0000.flac,A4,-0.08728548070519676,0.23333333333333334
EnCodec_3kbps,2300-131720-0000.flac,composite,0.21104410003250557,0.36666666666666664
EnCodec_3kbps,237-126133-0000.flac,A1,0.3083967739000293,0.18333333333333332
EnCodec_3kbps,237-126133-0000.flac,A2,0.17012514820024402,0.4666666666666667
EnCodec_3kbps,237-126133-0000.flac,B1,0.09918548420950093,0.06666666666666667
EnCodec_3kbps,237-126133-0000.flac,A4,-0.280833054176531,0.18333333333333332
EnCodec_3kbps,237-126133-0000.flac,composite,0.09512511062896359,0.2833333333333333
EnCodec_3kbps,260-123286-0000.flac,A1,0.7423573492432499,0.3333333333333333
EnCodec_3kbps,260-123286-0000.flac,A2,-0.06875605175290614,0.25
EnCodec_3kbps,260-123286-0000.flac,B1,0.6548830628397114,0.3333333333333333
EnCodec_3kbps,260-123286-0000.flac,A4,0.03954349416566209,0.11666666666666667
EnCodec_3kbps,260-123286-0000.flac,composite,0.6558751722130843,0.2833333333333333
HILCodec_3kbps,1089-134686-0000.flac,A1,0.33208435081636495,0.31666666666666665
HILCodec_3kbps,1089-134686-0000.flac,A2,0.43440249764935723,0.6
HILCodec_3kbps,1089-134686-0000.flac,B1,0.0,0.26666666666666666
HILCodec_3kbps,1089-134686-0000.flac,A4,-0.14641198530066313,0.06666666666666667
HILCodec_3kbps,1089-134686-0000.flac,composite,0.2849289808389799,0.3
HILCodec_3kbps,1188-133604-0000.flac,A1,0.4189053042423473,0.15
HILCodec_3kbps,1188-133604-0000.flac,A2,0.7451959827766147,0.55
HILCodec_3kbps,1188-133604-0000.flac,B1,0.0,0.0
HILCodec_3kbps,1188-133604-0000.flac,A4,-0.31356531907035784,0.06666666666666667
HILCodec_3kbps,1188-133604-0000.flac,composite,0.35882188969103784,0.2833333333333333
HILCodec_3kbps,121-121726-0000.flac,A1,0.36355280398511963,0.18333333333333332
HILCodec_3kbps,121-121726-0000.flac,A2,0.2777846898703216,0.3333333333333333
HILCodec_3kbps,121-121726-0000.flac,B1,0.10009121608285323,0.31666666666666665
HILCodec_3kbps,121-121726-0000.flac,A4,-0.3351810594217037,0.05
HILCodec_3kbps,121-121726-0000.flac,composite,0.24391865479418223,0.31666666666666665
HILCodec_3kbps,1221-135766-0000.flac,A1,-0.011252051759307121,0.11666666666666667
HILCodec_3kbps,1221-135766-0000.flac,A2,0.0038922886698127836,0.23333333333333334
HILCodec_3kbps,1221-135766-0000.flac,B1,-0.08320139138986966,0.2833333333333333
HILCodec_3kbps,1221-135766-0000.flac,A4,-0.3555770936445894,0.05
HILCodec_3kbps,1221-135766-0000.flac,composite,-0.2262704692817391,0.13333333333333333
HILCodec_3kbps,1284-1180-0000.flac,A1,0.3368794911460054,0.43333333333333335
HILCodec_3kbps,1284-1180-0000.flac,A2,0.045078693764900556,0.38333333333333336
HILCodec_3kbps,1284-1180-0000.flac,B1,-0.023726795331019856,0.4666666666666667
HILCodec_3kbps,1284-1180-0000.flac,A4,-0.2644589121237469,0.13333333333333333
HILCodec_3kbps,1284-1180-0000.flac,composite,0.0717090571601505,0.25
HILCodec_3kbps,1320-122612-0000.flac,A1,0.18220981949734225,0.2
HILCodec_3kbps,1320-122612-0000.flac,A2,0.15773242813913416,0.4166666666666667
HILCodec_3kbps,1320-122612-0000.flac,B1,0.0,0.0
HILCodec_3kbps,1320-122612-0000.flac,A4,-0.3087612986543086,0.15
HILCodec_3kbps,1320-122612-0000.flac,composite,-0.01938694915346626,0.25
HILCodec_3kbps,1580-141083-0000.flac,A1,0.16552004965947117,0.23333333333333334
HILCodec_3kbps,1580-141083-0000.flac,A2,-0.025400359344232366,0.23333333333333334
HILCodec_3kbps,1580-141083-0000.flac,B1,0.0,0.15
HILCodec_3kbps,1580-141083-0000.flac,A4,-0.3106726456191861,0.11666666666666667
HILCodec_3kbps,1580-141083-0000.flac,composite,-0.1028417856248955,0.11666666666666667
HILCodec_3kbps,1995-1826-0000.flac,A1,0.32187717256888326,0.23333333333333334
HILCodec_3kbps,1995-1826-0000.flac,A2,-0.10427648095926478,0.35
HILCodec_3kbps,1995-1826-0000.flac,B1,-0.025047298837433528,0.21666666666666667
HILCodec_3kbps,1995-1826-0000.flac,A4,-0.31134599614373715,0.15
HILCodec_3kbps,1995-1826-0000.flac,composite,-0.07898386973434654,0.2
HILCodec_3kbps,2094-142345-0000.flac,A1,0.3925844423688771,0.43333333333333335
HILCodec_3kbps,2094-142345-0000.flac,A2,-0.17857856442913006,0.26666666666666666
HILCodec_3kbps,2094-142345-0000.flac,B1,0.0,0.0
HILCodec_3kbps,2094-142345-0000.flac,A4,-0.28830694291840203,0.2
HILCodec_3kbps,2094-142345-0000.flac,composite,0.05452983117734022,0.26666666666666666
HILCodec_3kbps,2300-131720-0000.flac,A1,0.24530253646611141,0.3333333333333333
HILCodec_3kbps,2300-131720-0000.flac,A2,0.31289780918407967,0.36666666666666664
HILCodec_3kbps,2300-131720-0000.flac,B1,0.0,0.31666666666666665
HILCodec_3kbps,2300-131720-0000.flac,A4,-0.19168391672701718,0.08333333333333333
HILCodec_3kbps,2300-131720-0000.flac,composite,0.18035834932512748,0.25
HILCodec_3kbps,237-126133-0000.flac,A1,0.28521006822594275,0.2
HILCodec_3kbps,237-126133-0000.flac,A2,0.23642028053844644,0.5
HILCodec_3kbps,237-126133-0000.flac,B1,0.0,0.05
HILCodec_3kbps,237-126133-0000.flac,A4,-0.149662850804493,0.13333333333333333
HILCodec_3kbps,237-126133-0000.flac,composite,0.18090789432097604,0.31666666666666665
HILCodec_3kbps,260-123286-0000.flac,A1,0.7382839344052815,0.3333333333333333
HILCodec_3kbps,260-123286-0000.flac,A2,0.14271289371088647,0.25
HILCodec_3kbps,260-123286-0000.flac,B1,0.22501092613935786,0.31666666666666665
HILCodec_3kbps,260-123286-0000.flac,A4,-0.07792081689062517,0.13333333333333333
HILCodec_3kbps,260-123286-0000.flac,composite,0.4734036352720798,0.2833333333333333
