network_type,target_plr,protection_method,budget_frac,n_frames,n_protected,raw_loss_rate,post_repair_loss_rate,STOI,ESTOI,SI-SDR,concealment_rate,n_lost_frames,mean_burst_len,max_burst_len,n_bursts,file,seed
random_loss,0.01,none,0.1,300,0,0.0033333333333332993,0.0033333333333332993,0.9170185852750731,0.8266697533928217,3.447334176489915,0.0033333333333333335,1,1.0,1,1,1089-134686-0000.flac,42
random_loss,0.01,none,0.1,300,0,0.013333333333333308,0.013333333333333308,0.9025475253061378,0.8062029137398334,3.0410043367441393,0.013333333333333334,4,1.0,1,4,1089-134686-0000.flac,123
random_loss,0.01,random,0.1,300,30,0.0033333333333332993,0.0033333333333332993,0.917780609076391,0.8270729096576978,3.7633741236154283,0.0033333333333333335,1,1.0,1,1,1089-134686-0000.flac,42
random_loss,0.01,random,0.1,300,30,0.01666666666666672,0.01666666666666672,0.9074842873101905,0.8149097808339465,2.9180361853343486,0.016666666666666666,5,1.0,1,5,1089-134686-0000.flac,123
random_loss,0.01,heuristic,0.1,300,30,0.0033333333333332993,0.0033333333333332993,0.9170185852750731,0.8266697533928217,3.447334176489915,0.0033333333333333335,1,1.0,1,1,1089-134686-0000.flac,42
random_loss,0.01,heuristic,0.1,300,30,0.013333333333333308,0.013333333333333308,0.9025475253061378,0.8062029137398334,3.0410043367441393,0.013333333333333334,4,1.0,1,4,1089-134686-0000.flac,123
random_loss,0.01,importance_aware,0.1,300,30,0.0033333333333332993,0.0033333333333332993,0.9170185852750731,0.8266697533928217,3.447334176489915,0.0033333333333333335,1,1.0,1,1,1089-134686-0000.flac,42
random_loss,0.01,importance_aware,0.1,300,30,0.013333333333333308,0.013333333333333308,0.9025475253061378,0.8062029137398334,3.0410043367441393,0.013333333333333334,4,1.0,1,4,1089-134686-0000.flac,123
random_loss,0.03,none,0.1,300,0,0.026666666666666616,0.026666666666666616,0.8899684486342887,0.7735362408250569,2.6080193833294834,0.02666666666666667,8,1.0,1,8,1089-134686-0000.flac,42
random_loss,0.03,none,0.1,300,0,0.033333333333333326,0.033333333333333326,0.8948487244206026,0.7900690706701049,2.413283775177869,0.03333333333333333,10,1.0,1,10,1089-134686-0000.flac,123
random_loss,0.03,random,0.1,300,30,0.026666666666666616,0.020000000000000018,0.9022600589534525,0.8058688548549909,3.084180484460447,0.02,6,1.0,1,6,1089-134686-0000.flac,42
random_loss,0.03,random,0.1,300,30,0.033333333333333326,0.033333333333333326,0.8986545314205646,0.8080625079356456,2.5476770891766876,0.03333333333333333,10,1.0,1,10,1089-134686-0000.flac,123
random_loss,0.03,heuristic,0.1,300,30,0.026666666666666616,0.026666666666666616,0.8899684486342887,0.7735362408250569,2.6080193833294834,0.02666666666666667,8,1.0,1,8,1089-134686-0000.flac,42
random_loss,0.03,heuristic,0.1,300,30,0.033333333333333326,0.033333333333333326,0.8948487244206026,0.7900690706701048,2.413283775177869,0.03333333333333333,10,1.0,1,10,1089-134686-0000.flac,123
random_loss,0.03,importance_aware,0.1,300,30,0.026666666666666616,0.026666666666666616,0.8899684486342887,0.7735362408250569,2.6080193833294834,0.02666666666666667,8,1.0,1,8,1089-134686-0000.flac,42
random_loss,0.03,importance_aware,0.1,300,30,0.033333333333333326,0.033333333333333326,0.8948487244206026,0.7900690706701048,2.413283775177869,0.03333333333333333,10,1.0,1,10,1089-134686-0000.flac,123
random_loss,0.05,none,0.1,300,0,0.050000000000000044,0.050000000000000044,0.88148455609015,0.7556801688987845,1.9620402795967022,0.05,15,1.0,1,15,1089-134686-0000.flac,42
random_loss,0.05,none,0.1,300,0,0.050000000000000044,0.050000000000000044,0.8766713013124573,0.7698621436398777,1.4977282274653607,0.05,15,1.0714285714285714,2,14,1089-134686-0000.flac,123
random_loss,0.05,random,0.1,300,30,0.046666666666666634,0.033333333333333326,0.8923172326424402,0.786895764996842,2.2782860267963443,0.03333333333333333,10,1.0,1,10,1089-134686-0000.flac,42
random_loss,0.05,random,0.1,300,30,0.053333333333333344,0.050000000000000044,0.8878622911208607,0.7979839102274519,1.9219692963319752,0.05,15,1.0714285714285714,2,14,1089-134686-0000.flac,123
random_loss,0.05,heuristic,0.1,300,30,0.050000000000000044,0.050000000000000044,0.88148455609015,0.7556801688987845,1.9620402795967022,0.05,15,1.0,1,15,1089-134686-0000.flac,42
random_loss,0.05,heuristic,0.1,300,30,0.050000000000000044,0.050000000000000044,0.8766713013124573,0.7698621436398777,1.4977282274653607,0.05,15,1.0714285714285714,2,14,1089-134686-0000.flac,123
random_loss,0.05,importance_aware,0.1,300,30,0.050000000000000044,0.046666666666666634,0.8823522203032945,0.7601762357404572,2.011825780150043,0.04666666666666667,14,1.0,1,14,1089-134686-0000.flac,42
random_loss,0.05,importance_aware,0.1,300,30,0.050000000000000044,0.050000000000000044,0.8766713013124573,0.7698621436398777,1.4977282274653607,0.05,15,1.0714285714285714,2,14,1089-134686-0000.flac,123
random_loss,0.01,none,0.1,300,0,0.0033333333333332993,0.0033333333333332993,0.8335159704404268,0.7209387488277339,6.1294706607520215,0.0033333333333333335,1,1.0,1,1,1188-133604-0000.flac,42
random_loss,0.01,none,0.1,300,0,0.013333333333333308,0.013333333333333308,0.7996843129292331,0.7131217691011057,5.445629187978767,0.013333333333333334,4,1.0,1,4,1188-133604-0000.flac,123
random_loss,0.01,random,0.1,300,30,0.0033333333333332993,0.0033333333333332993,0.8117489496196513,0.7236578022862871,6.178768843108409,0.0033333333333333335,1,1.0,1,1,1188-133604-0000.flac,42
random_loss,0.01,random,0.1,300,30,0.01666666666666672,0.01666666666666672,0.7768539220516704,0.7023548334845618,5.37479927443848,0.016666666666666666,5,1.0,1,5,1188-133604-0000.flac,123
random_loss,0.01,heuristic,0.1,300,30,0.0033333333333332993,0.0033333333333332993,0.8335159704404268,0.720938748827734,6.1294706607520215,0.0033333333333333335,1,1.0,1,1,1188-133604-0000.flac,42
random_loss,0.01,heuristic,0.1,300,30,0.013333333333333308,0.013333333333333308,0.7996843129292331,0.7131217691011057,5.445629187978767,0.013333333333333334,4,1.0,1,4,1188-133604-0000.flac,123
random_loss,0.01,importance_aware,0.1,300,30,0.0033333333333332993,0.0033333333333332993,0.8335159704404268,0.7209387488277339,6.1294706607520215,0.0033333333333333335,1,1.0,1,1,1188-133604-0000.flac,42
random_loss,0.01,importance_aware,0.1,300,30,0.013333333333333308,0.013333333333333308,0.7996843129292331,0.7131217691011057,5.445629187978767,0.013333333333333334,4,1.0,1,4,1188-133604-0000.flac,123
random_loss,0.03,none,0.1,300,0,0.026666666666666616,0.026666666666666616,0.7411792423906599,0.6803617649857333,5.405209397441481,0.02666666666666667,8,1.0,1,8,1188-133604-0000.flac,42
random_loss,0.03,none,0.1,300,0,0.033333333333333326,0.033333333333333326,0.720260574599213,0.6875707639063631,4.921547177590963,0.03333333333333333,10,1.0,1,10,1188-133604-0000.flac,123
random_loss,0.03,random,0.1,300,30,0.026666666666666616,0.020000000000000018,0.7532341056911863,0.7040801521826013,5.4209352695091635,0.02,6,1.0,1,6,1188-133604-0000.flac,42
random_loss,0.03,random,0.1,300,30,0.033333333333333326,0.033333333333333326,0.7680068797902959,0.6864960537917073,4.83077472193891,0.03333333333333333,10,1.0,1,10,1188-133604-0000.flac,123
random_loss,0.03,heuristic,0.1,300,30,0.026666666666666616,0.023333333333333317,0.7641972108016766,0.6835549517280859,5.436309970289659,0.023333333333333334,7,1.0,1,7,1188-133604-0000.flac,42
random_loss,0.03,heuristic,0.1,300,30,0.033333333333333326,0.033333333333333326,0.720260574599213,0.6875707639063631,4.921547177590963,0.03333333333333333,10,1.0,1,10,1188-133604-0000.flac,123
random_loss,0.03,importance_aware,0.1,300,30,0.026666666666666616,0.023333333333333317,0.7641972108016766,0.6835549517280859,5.436309970289659,0.023333333333333334,7,1.0,1,7,1188-133604-0000.flac,42
random_loss,0.03,importance_aware,0.1,300,30,0.033333333333333326,0.033333333333333326,0.720260574599213,0.6875707639063631,4.921547177590963,0.03333333333333333,10,1.0,1,10,1188-133604-0000.flac,123
random_loss,0.05,none,0.1,300,0,0.050000000000000044,0.050000000000000044,0.6928673405281143,0.6589797267870613,4.326800021653552,0.05,15,1.0,1,15,1188-133604-0000.flac,42
random_loss,0.05,none,0.1,300,0,0.050000000000000044,0.050000000000000044,0.7048132316318054,0.6544337410638636,3.7879635896493373,0.05,15,1.0714285714285714,2,14,1188-133604-0000.flac,123
random_loss,0.05,random,0.1,300,30,0.046666666666666634,0.033333333333333326,0.7416165512199486,0.6886993385817493,5.149913082799799,0.03333333333333333,10,1.0,1,10,1188-133604-0000.flac,42
random_loss,0.05,random,0.1,300,30,0.053333333333333344,0.050000000000000044,0.7380929854220997,0.6757218241906455,3.9498943079882256,0.05,15,1.0714285714285714,2,14,1188-133604-0000.flac,123
random_loss,0.05,heuristic,0.1,300,30,0.050000000000000044,0.046666666666666634,0.7159477550945361,0.6620943689708901,4.352765199713881,0.04666666666666667,14,1.0,1,14,1188-133604-0000.flac,42
random_loss,0.05,heuristic,0.1,300,30,0.050000000000000044,0.046666666666666634,0.7032509407746197,0.6569013013280511,3.8110252108855702,0.04666666666666667,14,1.0769230769230769,2,13,1188-133604-0000.flac,123
random_loss,0.05,importance_aware,0.1,300,30,0.050000000000000044,0.040000000000000036,0.7231944628634999,0.6682728943659018,4.951479042770023,0.04,12,1.0,1,12,1188-133604-0000.flac,42
random_loss,0.05,importance_aware,0.1,300,30,0.050000000000000044,0.050000000000000044,0.7048132316318054,0.6544337410638636,3.7879635896493373,0.05,15,1.0714285714285714,2,14,1188-133604-0000.flac,123
random_loss,0.01,none,0.1,300,0,0.0033333333333332993,0.0033333333333332993,0.8882020981309476,0.8267526563811395,1.512036433709103,0.0033333333333333335,1,1.0,1,1,121-121726-0000.flac,42
random_loss,0.01,none,0.1,300,0,0.013333333333333308,0.013333333333333308,0.8805060429138631,0.8165896019424351,1.4302207548135746,0.013333333333333334,4,1.0,1,4,121-121726-0000.flac,123
random_loss,0.01,random,0.1,300,30,0.0033333333333332993,0.0033333333333332993,0.8899010423345345,0.8307633959527767,1.3040809051640854,0.0033333333333333335,1,1.0,1,1,121-121726-0000.flac,42
random_loss,0.01,random,0.1,300,30,0.01666666666666672,0.01666666666666672,0.8826246409225088,0.815556409285677,1.0479585235909123,0.016666666666666666,5,1.0,1,5,121-121726-0000.flac,123
random_loss,0.01,heuristic,0.1,300,30,0.0033333333333332993,0.0033333333333332993,0.8882020981309476,0.8267526563811395,1.512036433709103,0.0033333333333333335,1,1.0,1,1,121-121726-0000.flac,42
random_loss,0.01,heuristic,0.1,300,30,0.013333333333333308,0.013333333333333308,0.8805060429138631,0.8165896019424351,1.4302207548135746,0.013333333333333334,4,1.0,1,4,121-121726-0000.flac,123
random_loss,0.01,importance_aware,0.1,300,30,0.0033333333333332993,0.0033333333333332993,0.8882020981309476,0.8267526563811394,1.512036433709103,0.0033333333333333335,1,1.0,1,1,121-121726-0000.flac,42
random_loss,0.01,importance_aware,0.1,300,30,0.013333333333333308,0.013333333333333308,0.8805060429138631,0.8165896019424351,1.4302207548135746,0.013333333333333334,4,1.0,1,4,121-121726-0000.flac,123
random_loss,0.03,none,0.1,300,0,0.026666666666666616,0.026666666666666616,0.8765017998043232,0.8040888873923195,0.8468826319889142,0.02666666666666667,8,1.0,1,8,121-121726-0000.flac,42
random_loss,0.03,none,0.1,300,0,0.033333333333333326,0.033333333333333326,0.8706609258535983,0.8013904772910009,0.49816702759831666,0.03333333333333333,10,1.0,1,10,121-121726-0000.flac,123
random_loss,0.03,random,0.1,300,30,0.026666666666666616,0.020000000000000018,0.8824668526901746,0.8189934103380196,1.0842585138866798,0.02,6,1.0,1,6,121-121726-0000.flac,42
random_loss,0.03,random,0.1,300,30,0.033333333333333326,0.033333333333333326,0.8760254436258923,0.8048037550964512,0.8075871217916093,0.03333333333333333,10,1.0,1,10,121-121726-0000.flac,123
random_loss,0.03,heuristic,0.1,300,30,0.026666666666666616,0.026666666666666616,0.8765017998043232,0.8040888873923195,0.8468826319889142,0.02666666666666667,8,1.0,1,8,121-121726-0000.flac,42
random_loss,0.03,heuristic,0.1,300,30,0.033333333333333326,0.033333333333333326,0.8706609258535983,0.8013904772910009,0.49816702759831666,0.03333333333333333,10,1.0,1,10,121-121726-0000.flac,123
random_loss,0.03,importance_aware,0.1,300,30,0.026666666666666616,0.026666666666666616,0.8765017998043232,0.8040888873923197,0.8468826319889142,0.02666666666666667,8,1.0,1,8,121-121726-0000.flac,42
random_loss,0.03,importance_aware,0.1,300,30,0.033333333333333326,0.030000000000000027,0.8718597573163032,0.8023294617088861,0.7058639697023481,0.03,9,1.0,1,9,121-121726-0000.flac,123
random_loss,0.05,none,0.1,300,0,0.050000000000000044,0.050000000000000044,0.8664250796278945,0.7862989826410541,0.14116422145600488,0.05,15,1.0,1,15,121-121726-0000.flac,42
random_loss,0.05,none,0.1,300,0,0.050000000000000044,0.050000000000000044,0.8611738108229856,0.7803525003587723,-0.08725509414896596,0.05,15,1.0714285714285714,2,14,121-121726-0000.flac,123
random_loss,0.05,random,0.1,300,30,0.046666666666666634,0.033333333333333326,0.8762225452382345,0.8041556659254789,0.8316139212328123,0.03333333333333333,10,1.0,1,10,121-121726-0000.flac,42
random_loss,0.05,random,0.1,300,30,0.053333333333333344,0.050000000000000044,0.8642763293985298,0.781430817328527,0.2058727539315181,0.05,15,1.0714285714285714,2,14,121-121726-0000.flac,123
random_loss,0.05,heuristic,0.1,300,30,0.050000000000000044,0.043333333333333335,0.8688617242819877,0.7923840659193768,0.20552651895324586,0.043333333333333335,13,1.0,1,13,121-121726-0000.flac,42
random_loss,0.05,heuristic,0.1,300,30,0.050000000000000044,0.050000000000000044,0.8611738108229856,0.7803525003587723,-0.08725509414896596,0.05,15,1.0714285714285714,2,14,121-121726-0000.flac,123
random_loss,0.05,importance_aware,0.1,300,30,0.050000000000000044,0.043333333333333335,0.8688617242819877,0.7923840659193769,0.20552651895324586,0.043333333333333335,13,1.0,1,13,121-121726-0000.flac,42
random_loss,0.05,importance_aware,0.1,300,30,0.050000000000000044,0.043333333333333335,0.8643107383540528,0.7843360280620489,0.16413311600001676,0.043333333333333335,13,1.0833333333333333,2,12,121-121726-0000.flac,123
random_loss,0.01,none,0.1,300,0,0.0033333333333332993,0.0033333333333332993,0.9027611695378083,0.8026565402319911,-5.405679346361335,0.0033333333333333335,1,1.0,1,1,1221-135766-0000.flac,42
random_loss,0.01,none,0.1,300,0,0.013333333333333308,0.013333333333333308,0.8947959746603527,0.7941535604174763,-5.419819747042425,0.013333333333333334,4,1.0,1,4,1221-135766-0000.flac,123
random_loss,0.01,random,0.1,300,30,0.0033333333333332993,0.0033333333333332993,0.9028331613514422,0.8068665279178341,-5.10724041441242,0.0033333333333333335,1,1.0,1,1,1221-135766-0000.flac,42
random_loss,0.01,random,0.1,300,30,0.01666666666666672,0.01666666666666672,0.8861649952650767,0.7949169862355342,-5.533205087595762,0.016666666666666666,5,1.0,1,5,1221-135766-0000.flac,123
random_loss,0.01,heuristic,0.1,300,30,0.0033333333333332993,0.0033333333333332993,0.9027611695378083,0.8026565402319911,-5.405679346361335,0.0033333333333333335,1,1.0,1,1,1221-135766-0000.flac,42
random_loss,0.01,heuristic,0.1,300,30,0.013333333333333308,0.013333333333333308,0.8947959746603527,0.7941535604174763,-5.419819747042425,0.013333333333333334,4,1.0,1,4,1221-135766-0000.flac,123
random_loss,0.01,importance_aware,0.1,300,30,0.0033333333333332993,0.0033333333333332993,0.9027611695378083,0.8026565402319911,-5.405679346361335,0.0033333333333333335,1,1.0,1,1,1221-135766-0000.flac,42
random_loss,0.01,importance_aware,0.1,300,30,0.013333333333333308,0.013333333333333308,0.8947959746603527,0.7941535604174763,-5.419819747042425,0.013333333333333334,4,1.0,1,4,1221-135766-0000.flac,123
random_loss,0.03,none,0.1,300,0,0.026666666666666616,0.026666666666666616,0.8729378005546751,0.7746364748403319,-5.722453483376578,0.02666666666666667,8,1.0,1,8,1221-135766-0000.flac,42
random_loss,0.03,none,0.1,300,0,0.033333333333333326,0.033333333333333326,0.8817922333586797,0.7858295913678552,-5.473078334768885,0.03333333333333333,10,1.0,1,10,1221-135766-0000.flac,123
random_loss,0.03,random,0.1,300,30,0.026666666666666616,0.020000000000000018,0.8673804548902209,0.7840786915454657,-5.437987850438175,0.02,6,1.0,1,6,1221-135766-0000.flac,42
random_loss,0.03,random,0.1,300,30,0.033333333333333326,0.033333333333333326,0.8663221587645362,0.7780472225403757,-5.7895871067877085,0.03333333333333333,10,1.0,1,10,1221-135766-0000.flac,123
random_loss,0.03,heuristic,0.1,300,30,0.026666666666666616,0.026666666666666616,0.8729378005546751,0.7746364748403319,-5.722453483376578,0.02666666666666667,8,1.0,1,8,1221-135766-0000.flac,42
random_loss,0.03,heuristic,0.1,300,30,0.033333333333333326,0.030000000000000027,0.8849438940872776,0.7863919885797028,-5.4441621673037774,0.03,9,1.0,1,9,1221-135766-0000.flac,123
random_loss,0.03,importance_aware,0.1,300,30,0.026666666666666616,0.026666666666666616,0.8729378005546751,0.7746364748403319,-5.722453483376578,0.02666666666666667,8,1.0,1,8,1221-135766-0000.flac,42
random_loss,0.03,importance_aware,0.1,300,30,0.033333333333333326,0.030000000000000027,0.8849438940872776,0.7863919885797028,-5.4441621673037774,0.03,9,1.0,1,9,1221-135766-0000.flac,123
random_loss,0.05,none,0.1,300,0,0.050000000000000044,0.050000000000000044,0.8520000540321135,0.7497546903685418,-6.0714531156417895,0.05,15,1.0,1,15,1221-135766-0000.flac,42
random_loss,0.05,none,0.1,300,0,0.050000000000000044,0.050000000000000044,0.8610410875022664,0.7559106257693805,-5.96358859783114,0.05,15,1.0714285714285714,2,14,1221-135766-0000.flac,123
random_loss,0.05,random,0.1,300,30,0.046666666666666634,0.033333333333333326,0.8529266921626386,0.7622680735122199,-5.6837090489418145,0.03333333333333333,10,1.0,1,10,1221-135766-0000.flac,42
random_loss,0.05,random,0.1,300,30,0.053333333333333344,0.050000000000000044,0.8518234595706237,0.7639631863203783,-6.153057326921806,0.05,15,1.0714285714285714,2,14,1221-135766-0000.flac,123
random_loss,0.05,heuristic,0.1,300,30,0.050000000000000044,0.043333333333333335,0.866637750347775,0.7614955743606439,-6.031405525333547,0.043333333333333335,13,1.0,1,13,1221-135766-0000.flac,42
random_loss,0.05,heuristic,0.1,300,30,0.050000000000000044,0.046666666666666634,0.864257559072986,0.7564703341579776,-5.934344974073574,0.04666666666666667,14,1.0769230769230769,2,13,1221-135766-0000.flac,123
random_loss,0.05,importance_aware,0.1,300,30,0.050000000000000044,0.043333333333333335,0.866637750347775,0.7614955743606439,-6.031405525333547,0.043333333333333335,13,1.0,1,13,1221-135766-0000.flac,42
random_loss,0.05,importance_aware,0.1,300,30,0.050000000000000044,0.046666666666666634,0.864257559072986,0.7564703341579776,-5.934344974073574,0.04666666666666667,14,1.0769230769230769,2,13,1221-135766-0000.flac,123
random_loss,0.01,none,0.1,300,0,0.0033333333333332993,0.0033333333333332993,0.9064624125510544,0.8504656015351937,6.840879952233111,0.0033333333333333335,1,1.0,1,1,1284-1180-0000.flac,42
random_loss,0.01,none,0.1,300,0,0.013333333333333308,0.013333333333333308,0.900496856901704,0.840724404266663,6.348012201665085,0.013333333333333334,4,1.0,1,4,1284-1180-0000.flac,123
random_loss,0.01,random,0.1,300,30,0.0033333333333332993,0.0033333333333332993,0.9072796148804355,0.8512887687107303,6.881713353451644,0.0033333333333333335,1,1.0,1,1,1284-1180-0000.flac,42
random_loss,0.01,random,0.1,300,30,0.01666666666666672,0.01666666666666672,0.8990908745628852,0.8396266248391765,6.559946444867512,0.016666666666666666,5,1.0,1,5,1284-1180-0000.flac,123
random_loss,0.01,heuristic,0.1,300,30,0.0033333333333332993,0.0033333333333332993,0.9064624125510544,0.8504656015351937,6.840879952233111,0.0033333333333333335,1,1.0,1,1,1284-1180-0000.flac,42
random_loss,0.01,heuristic,0.1,300,30,0.013333333333333308,0.010000000000000009,0.9015502700443322,0.8439712384765651,6.471005045606949,0.01,3,1.0,1,3,1284-1180-0000.flac,123
random_loss,0.01,importance_aware,0.1,300,30,0.0033333333333332993,0.0033333333333332993,0.9064624125510544,0.8504656015351937,6.840879952233111,0.0033333333333333335,1,1.0,1,1,1284-1180-0000.flac,42
random_loss,0.01,importance_aware,0.1,300,30,0.013333333333333308,0.013333333333333308,0.900496856901704,0.8407244042666631,6.348012201665085,0.013333333333333334,4,1.0,1,4,1284-1180-0000.flac,123
random_loss,0.03,none,0.1,300,0,0.026666666666666616,0.026666666666666616,0.8903707545802645,0.8253457854161036,6.382627105443072,0.02666666666666667,8,1.0,1,8,1284-1180-0000.flac,42
random_loss,0.03,none,0.1,300,0,0.033333333333333326,0.033333333333333326,0.8878926518746693,0.8265590159612376,5.488178773162091,0.03333333333333333,10,1.0,1,10,1284-1180-0000.flac,123
random_loss,0.03,random,0.1,300,30,0.026666666666666616,0.020000000000000018,0.891273137709178,0.8308061906012323,6.052736203136037,0.02,6,1.0,1,6,1284-1180-0000.flac,42
random_loss,0.03,random,0.1,300,30,0.033333333333333326,0.033333333333333326,0.8876215323636852,0.8258199248706506,5.891947198825214,0.03333333333333333,10,1.0,1,10,1284-1180-0000.flac,123
random_loss,0.03,heuristic,0.1,300,30,0.026666666666666616,0.023333333333333317,0.8926574687119773,0.8332199687894946,6.421664404110304,0.023333333333333334,7,1.0,1,7,1284-1180-0000.flac,42
random_loss,0.03,heuristic,0.1,300,30,0.033333333333333326,0.030000000000000027,0.8889255507648566,0.8298134029990358,5.594415194990425,0.03,9,1.0,1,9,1284-1180-0000.flac,123
random_loss,0.03,importance_aware,0.1,300,30,0.026666666666666616,0.023333333333333317,0.8926574687119773,0.8332199687894946,6.421664404110304,0.023333333333333334,7,1.0,1,7,1284-1180-0000.flac,42
random_loss,0.03,importance_aware,0.1,300,30,0.033333333333333326,0.033333333333333326,0.8878926518746693,0.8265590159612376,5.488178773162091,0.03333333333333333,10,1.0,1,10,1284-1180-0000.flac,123
random_loss,0.05,none,0.1,300,0,0.050000000000000044,0.050000000000000044,0.8714472192189314,0.8072536317829334,5.358240295644634,0.05,15,1.0,1,15,1284-1180-0000.flac,42
random_loss,0.05,none,0.1,300,0,0.050000000000000044,0.050000000000000044,0.8786739546617663,0.8041698145526098,4.6769118019536435,0.05,15,1.0714285714285714,2,14,1284-1180-0000.flac,123
random_loss,0.05,random,0.1,300,30,0.046666666666666634,0.033333333333333326,0.8822270422190903,0.8147858006771671,5.363346903349369,0.03333333333333333,10,1.0,1,10,1284-1180-0000.flac,42
random_loss,0.05,random,0.1,300,30,0.053333333333333344,0.050000000000000044,0.8780715256790903,0.8120345709517091,5.480053688256971,0.05,15,1.0714285714285714,2,14,1284-1180-0000.flac,123
random_loss,0.05,heuristic,0.1,300,30,0.050000000000000044,0.043333333333333335,0.8738419609114865,0.8155948368994542,5.468660641249309,0.043333333333333335,13,1.0,1,13,1284-1180-0000.flac,42
random_loss,0.05,heuristic,0.1,300,30,0.050000000000000044,0.046666666666666634,0.8796453878710042,0.8070454810564578,4.76956035624646,0.04666666666666667,14,1.0769230769230769,2,13,1284-1180-0000.flac,123
random_loss,0.05,importance_aware,0.1,300,30,0.050000000000000044,0.043333333333333335,0.8770030445133007,0.8124338265187956,5.434221626540252,0.043333333333333335,13,1.0,1,13,1284-1180-0000.flac,42
random_loss,0.05,importance_aware,0.1,300,30,0.050000000000000044,0.046666666666666634,0.8814309156695797,0.8069635072117903,4.928541282951474,0.04666666666666667,14,1.0769230769230769,2,13,1284-1180-0000.flac,123
random_loss,0.01,none,0.1,300,0,0.0033333333333332993,0.0033333333333332993,0.9149326105440924,0.8413730493770244,4.97276755686151,0.0033333333333333335,1,1.0,1,1,1320-122612-0000.flac,42
random_loss,0.01,none,0.1,300,0,0.013333333333333308,0.013333333333333308,0.9097495899079655,0.8351265006093395,4.591433863797658,0.013333333333333334,4,1.0,1,4,1320-122612-0000.flac,123
random_loss,0.01,random,0.1,300,30,0.0033333333333332993,0.0033333333333332993,0.903714709571274,0.8409101307674204,4.865572803875286,0.0033333333333333335,1,1.0,1,1,1320-122612-0000.flac,42
random_loss,0.01,random,0.1,300,30,0.01666666666666672,0.01666666666666672,0.8987538610032003,0.8313364431487923,4.6595247692354125,0.016666666666666666,5,1.0,1,5,1320-122612-0000.flac,123
random_loss,0.01,heuristic,0.1,300,30,0.0033333333333332993,0.0033333333333332993,0.9149326105440924,0.8413730493770244,4.97276755686151,0.0033333333333333335,1,1.0,1,1,1320-122612-0000.flac,42
random_loss,0.01,heuristic,0.1,300,30,0.013333333333333308,0.013333333333333308,0.9097495899079655,0.8351265006093396,4.591433863797658,0.013333333333333334,4,1.0,1,4,1320-122612-0000.flac,123
random_loss,0.01,importance_aware,0.1,300,30,0.0033333333333332993,0.0033333333333332993,0.9149326105440924,0.8413730493770245,4.97276755686151,0.0033333333333333335,1,1.0,1,1,1320-122612-0000.flac,42
random_loss,0.01,importance_aware,0.1,300,30,0.013333333333333308,0.013333333333333308,0.9097495899079655,0.8351265006093395,4.591433863797658,0.013333333333333334,4,1.0,1,4,1320-122612-0000.flac,123
random_loss,0.03,none,0.1,300,0,0.026666666666666616,0.026666666666666616,0.8961217202348034,0.8165220115119074,4.397743948686131,0.02666666666666667,8,1.0,1,8,1320-122612-0000.flac,42
random_loss,0.03,none,0.1,300,0,0.033333333333333326,0.033333333333333326,0.8862331054559636,0.8110357427785548,3.949181525542813,0.03333333333333333,10,1.0,1,10,1320-122612-0000.flac,123
random_loss,0.03,random,0.1,300,30,0.026666666666666616,0.020000000000000018,0.891399857234934,0.8241736396648508,4.56043419345959,0.02,6,1.0,1,6,1320-122612-0000.flac,42
random_loss,0.03,random,0.1,300,30,0.033333333333333326,0.033333333333333326,0.8932558309480783,0.8119969936719077,4.450764935172015,0.03333333333333333,10,1.0,1,10,1320-122612-0000.flac,123
random_loss,0.03,heuristic,0.1,300,30,0.026666666666666616,0.026666666666666616,0.8961217202348034,0.8165220115119074,4.397743948686131,0.02666666666666667,8,1.0,1,8,1320-122612-0000.flac,42
random_loss,0.03,heuristic,0.1,300,30,0.033333333333333326,0.030000000000000027,0.9003766100360857,0.8148987245214406,3.9729946379842316,0.03,9,1.0,1,9,1320-122612-0000.flac,123
random_loss,0.03,importance_aware,0.1,300,30,0.026666666666666616,0.026666666666666616,0.8961217202348034,0.8165220115119074,4.397743948686131,0.02666666666666667,8,1.0,1,8,1320-122612-0000.flac,42
random_loss,0.03,importance_aware,0.1,300,30,0.033333333333333326,0.030000000000000027,0.9003766100360857,0.8148987245214407,3.9729946379842316,0.03,9,1.0,1,9,1320-122612-0000.flac,123
random_loss,0.05,none,0.1,300,0,0.050000000000000044,0.050000000000000044,0.8780697127234616,0.8048704854024542,4.0103750929027555,0.05,15,1.0,1,15,1320-122612-0000.flac,42
random_loss,0.05,none,0.1,300,0,0.050000000000000044,0.050000000000000044,0.8729166477509217,0.7941850083903791,2.8711206933701567,0.05,15,1.0714285714285714,2,14,1320-122612-0000.flac,123
random_loss,0.05,random,0.1,300,30,0.046666666666666634,0.033333333333333326,0.8843634675554529,0.8092078418165041,4.2440495923110175,0.03333333333333333,10,1.0,1,10,1320-122612-0000.flac,42
random_loss,0.05,random,0.1,300,30,0.053333333333333344,0.050000000000000044,0.8872001598671453,0.7979752276254872,3.9069993309646653,0.05,15,1.0714285714285714,2,14,1320-122612-0000.flac,123
random_loss,0.05,heuristic,0.1,300,30,0.050000000000000044,0.046666666666666634,0.8787529096692309,0.8075203158852555,4.019548124762121,0.04666666666666667,14,1.0,1,14,1320-122612-0000.flac,42
random_loss,0.05,heuristic,0.1,300,30,0.050000000000000044,0.046666666666666634,0.8869781146484768,0.7978357904759483,2.8919097495579242,0.04666666666666667,14,1.0769230769230769,2,13,1320-122612-0000.flac,123
random_loss,0.05,importance_aware,0.1,300,30,0.050000000000000044,0.046666666666666634,0.8787529096692309,0.8075203158852555,4.019548124762121,0.04666666666666667,14,1.0,1,14,1320-122612-0000.flac,42
random_loss,0.05,importance_aware,0.1,300,30,0.050000000000000044,0.046666666666666634,0.8869781146484768,0.7978357904759484,2.8919097495579242,0.04666666666666667,14,1.0769230769230769,2,13,1320-122612-0000.flac,123
random_loss,0.01,none,0.1,300,0,0.0033333333333332993,0.0033333333333332993,0.8931000667996691,0.816343871112985,-2.396619933349961,0.0033333333333333335,1,1.0,1,1,1580-141083-0000.flac,42
random_loss,0.01,none,0.1,300,0,0.013333333333333308,0.013333333333333308,0.8766362248568292,0.8111712883208508,-2.6084319832433147,0.013333333333333334,4,1.0,1,4,1580-141083-0000.flac,123
random_loss,0.01,random,0.1,300,30,0.0033333333333332993,0.0033333333333332993,0.8938938702946579,0.8171760064563642,-2.19132691207569,0.0033333333333333335,1,1.0,1,1,1580-141083-0000.flac,42
random_loss,0.01,random,0.1,300,30,0.01666666666666672,0.01666666666666672,0.8813475468693751,0.7942852385438843,-2.5762282631541837,0.016666666666666666,5,1.0,1,5,1580-141083-0000.flac,123
random_loss,0.01,heuristic,0.1,300,30,0.0033333333333332993,0.0033333333333332993,0.8931000667996691,0.816343871112985,-2.396619933349961,0.0033333333333333335,1,1.0,1,1,1580-141083-0000.flac,42
random_loss,0.01,heuristic,0.1,300,30,0.013333333333333308,0.013333333333333308,0.8766362248568292,0.8111712883208508,-2.6084319832433147,0.013333333333333334,4,1.0,1,4,1580-141083-0000.flac,123
random_loss,0.01,importance_aware,0.1,300,30,0.0033333333333332993,0.0033333333333332993,0.8931000667996691,0.816343871112985,-2.396619933349961,0.0033333333333333335,1,1.0,1,1,1580-141083-0000.flac,42
random_loss,0.01,importance_aware,0.1,300,30,0.013333333333333308,0.013333333333333308,0.8766362248568292,0.8111712883208508,-2.6084319832433147,0.013333333333333334,4,1.0,1,4,1580-141083-0000.flac,123
random_loss,0.03,none,0.1,300,0,0.026666666666666616,0.026666666666666616,0.8553273127163213,0.7703253096323135,-2.7609735511857973,0.02666666666666667,8,1.0,1,8,1580-141083-0000.flac,42
random_loss,0.03,none,0.1,300,0,0.033333333333333326,0.033333333333333326,0.8436915443770946,0.7760964270556834,-3.018251075018525,0.03333333333333333,10,1.0,1,10,1580-141083-0000.flac,123
random_loss,0.03,random,0.1,300,30,0.026666666666666616,0.020000000000000018,0.869432844558538,0.785507048541193,-2.702722533890709,0.02,6,1.0,1,6,1580-141083-0000.flac,42
random_loss,0.03,random,0.1,300,30,0.033333333333333326,0.033333333333333326,0.866126884212691,0.7765090892666854,-2.876369379101712,0.03333333333333333,10,1.0,1,10,1580-141083-0000.flac,123
random_loss,0.03,heuristic,0.1,300,30,0.026666666666666616,0.026666666666666616,0.8553273127163213,0.7703253096323135,-2.7609735511857973,0.02666666666666667,8,1.0,1,8,1580-141083-0000.flac,42
random_loss,0.03,heuristic,0.1,300,30,0.033333333333333326,0.030000000000000027,0.8526214892253989,0.789222237041658,-2.968407945576774,0.03,9,1.0,1,9,1580-141083-0000.flac,123
random_loss,0.03,importance_aware,0.1,300,30,0.026666666666666616,0.026666666666666616,0.8553273127163213,0.7703253096323135,-2.7609735511857973,0.02666666666666667,8,1.0,1,8,1580-141083-0000.flac,42
random_loss,0.03,importance_aware,0.1,300,30,0.033333333333333326,0.030000000000000027,0.8526214892253989,0.789222237041658,-2.968407945576774,0.03,9,1.0,1,9,1580-141083-0000.flac,123
random_loss,0.05,none,0.1,300,0,0.050000000000000044,0.050000000000000044,0.8353695252326758,0.7426111625227235,-3.3805620227348148,0.05,15,1.0,1,15,1580-141083-0000.flac,42
random_loss,0.05,none,0.1,300,0,0.050000000000000044,0.050000000000000044,0.8316042966458496,0.7599128094318595,-3.645582179349911,0.05,15,1.0714285714285714,2,14,1580-141083-0000.flac,123
random_loss,0.05,random,0.1,300,30,0.046666666666666634,0.033333333333333326,0.857164670907817,0.7731410389567825,-2.9695296788887533,0.03333333333333333,10,1.0,1,10,1580-141083-0000.flac,42
random_loss,0.05,random,0.1,300,30,0.053333333333333344,0.050000000000000044,0.8560621464893033,0.7646429787336958,-3.342252520300967,0.05,15,1.0714285714285714,2,14,1580-141083-0000.flac,123
random_loss,0.05,heuristic,0.1,300,30,0.050000000000000044,0.050000000000000044,0.8353695252326758,0.7426111625227234,-3.3805620227348148,0.05,15,1.0,1,15,1580-141083-0000.flac,42
random_loss,0.05,heuristic,0.1,300,30,0.050000000000000044,0.046666666666666634,0.8396019670896746,0.772292492953166,-3.599080589914117,0.04666666666666667,14,1.0769230769230769,2,13,1580-141083-0000.flac,123
random_loss,0.05,importance_aware,0.1,300,30,0.050000000000000044,0.050000000000000044,0.8353695252326758,0.7426111625227234,-3.3805620227348148,0.05,15,1.0,1,15,1580-141083-0000.flac,42
random_loss,0.05,importance_aware,0.1,300,30,0.050000000000000044,0.046666666666666634,0.8396019670896746,0.772292492953166,-3.599080589914117,0.04666666666666667,14,1.0769230769230769,2,13,1580-141083-0000.flac,123
random_loss,0.01,none,0.1,300,0,0.0033333333333332993,0.0033333333333332993,0.9048859257190315,0.8699024029187119,10.268493398454444,0.0033333333333333335,1,1.0,1,1,1995-1826-0000.flac,42
random_loss,0.01,none,0.1,300,0,0.013333333333333308,0.013333333333333308,0.8902827731367404,0.8550604156956975,9.720517750151878,0.013333333333333334,4,1.0,1,4,1995-1826-0000.flac,123
random_loss,0.01,random,0.1,300,30,0.0033333333333332993,0.0033333333333332993,0.9080563380485416,0.8742397087507231,10.600301823136435,0.0033333333333333335,1,1.0,1,1,1995-1826-0000.flac,42
random_loss,0.01,random,0.1,300,30,0.01666666666666672,0.01666666666666672,0.8895307648914395,0.8544360924833827,8.590059607316253,0.016666666666666666,5,1.0,1,5,1995-1826-0000.flac,123
random_loss,0.01,heuristic,0.1,300,30,0.0033333333333332993,0.0033333333333332993,0.9048859257190315,0.8699024029187119,10.268493398454444,0.0033333333333333335,1,1.0,1,1,1995-1826-0000.flac,42
random_loss,0.01,heuristic,0.1,300,30,0.013333333333333308,0.013333333333333308,0.8902827731367404,0.8550604156956974,9.720517750151878,0.013333333333333334,4,1.0,1,4,1995-1826-0000.flac,123
random_loss,0.01,importance_aware,0.1,300,30,0.0033333333333332993,0.0033333333333332993,0.9048859257190315,0.8699024029187119,10.268493398454444,0.0033333333333333335,1,1.0,1,1,1995-1826-0000.flac,42
random_loss,0.01,importance_aware,0.1,300,30,0.013333333333333308,0.013333333333333308,0.8902827731367404,0.8550604156956972,9.720517750151878,0.013333333333333334,4,1.0,1,4,1995-1826-0000.flac,123
random_loss,0.03,none,0.1,300,0,0.026666666666666616,0.026666666666666616,0.8747526387703217,0.8327197480933991,8.759936952179979,0.02666666666666667,8,1.0,1,8,1995-1826-0000.flac,42
random_loss,0.03,none,0.1,300,0,0.033333333333333326,0.033333333333333326,0.8707031277861054,0.8283878342607754,7.465651402174316,0.03333333333333333,10,1.0,1,10,1995-1826-0000.flac,123
random_loss,0.03,random,0.1,300,30,0.026666666666666616,0.020000000000000018,0.8792375174955841,0.8476187119908593,8.943253607687392,0.02,6,1.0,1,6,1995-1826-0000.flac,42
random_loss,0.03,random,0.1,300,30,0.033333333333333326,0.033333333333333326,0.8787114676650938,0.8436989661738743,7.662213326611971,0.03333333333333333,10,1.0,1,10,1995-1826-0000.flac,123
random_loss,0.03,heuristic,0.1,300,30,0.026666666666666616,0.026666666666666616,0.8747526387703217,0.8327197480933991,8.759936952179979,0.02666666666666667,8,1.0,1,8,1995-1826-0000.flac,42
random_loss,0.03,heuristic,0.1,300,30,0.033333333333333326,0.033333333333333326,0.8707031277861054,0.8283878342607757,7.465651402174316,0.03333333333333333,10,1.0,1,10,1995-1826-0000.flac,123
random_loss,0.03,importance_aware,0.1,300,30,0.026666666666666616,0.023333333333333317,0.8795423178729104,0.8401352329105864,9.07063500562505,0.023333333333333334,7,1.0,1,7,1995-1826-0000.flac,42
random_loss,0.03,importance_aware,0.1,300,30,0.033333333333333326,0.030000000000000027,0.8732405979733573,0.8328171415807796,8.404925817350351,0.03,9,1.0,1,9,1995-1826-0000.flac,123
random_loss,0.05,none,0.1,300,0,0.050000000000000044,0.050000000000000044,0.8590596929625804,0.8106463702978246,7.246019522214768,0.05,15,1.0,1,15,1995-1826-0000.flac,42
random_loss,0.05,none,0.1,300,0,0.050000000000000044,0.050000000000000044,0.8514809114672391,0.807893327431596,6.247871757023017,0.05,15,1.0714285714285714,2,14,1995-1826-0000.flac,123
random_loss,0.05,random,0.1,300,30,0.046666666666666634,0.033333333333333326,0.8698381622625236,0.8355655463349151,7.739398500101942,0.03333333333333333,10,1.0,1,10,1995-1826-0000.flac,42
random_loss,0.05,random,0.1,300,30,0.053333333333333344,0.050000000000000044,0.8696060938491292,0.8331754962919644,6.972553979092277,0.05,15,1.0714285714285714,2,14,1995-1826-0000.flac,123
random_loss,0.05,heuristic,0.1,300,30,0.050000000000000044,0.050000000000000044,0.8590596929625804,0.8106463702978246,7.246019522214768,0.05,15,1.0,1,15,1995-1826-0000.flac,42
random_loss,0.05,heuristic,0.1,300,30,0.050000000000000044,0.043333333333333335,0.8622978490145234,0.8191663074242141,6.529741101609336,0.043333333333333335,13,1.0833333333333333,2,12,1995-1826-0000.flac,123
random_loss,0.05,importance_aware,0.1,300,30,0.050000000000000044,0.046666666666666634,0.8638939220832019,0.8180557202471603,7.4841978023774525,0.04666666666666667,14,1.0,1,14,1995-1826-0000.flac,42
random_loss,0.05,importance_aware,0.1,300,30,0.050000000000000044,0.040000000000000036,0.8640762333109985,0.8218197855229973,7.58745478765682,0.04,12,1.0,1,12,1995-1826-0000.flac,123
random_loss,0.01,none,0.1,300,0,0.0033333333333332993,0.0033333333333332993,0.8689387179160052,0.7650487314348368,2.9460828538656476,0.0033333333333333335,1,1.0,1,1,2094-142345-0000.flac,42
random_loss,0.01,none,0.1,300,0,0.013333333333333308,0.013333333333333308,0.8483782722248637,0.7535485215047705,2.6535614861172463,0.013333333333333334,4,1.0,1,4,2094-142345-0000.flac,123
random_loss,0.01,random,0.1,300,30,0.0033333333333332993,0.0033333333333332993,0.8770654975433754,0.7718707550326517,3.0215429036568295,0.0033333333333333335,1,1.0,1,1,2094-142345-0000.flac,42
random_loss,0.01,random,0.1,300,30,0.01666666666666672,0.01666666666666672,0.8578785146239127,0.7571119785262459,2.3863349078358347,0.016666666666666666,5,1.0,1,5,2094-142345-0000.flac,123
random_loss,0.01,heuristic,0.1,300,30,0.0033333333333332993,0.0033333333333332993,0.8689387179160052,0.7650487314348369,2.9460828538656476,0.0033333333333333335,1,1.0,1,1,2094-142345-0000.flac,42
random_loss,0.01,heuristic,0.1,300,30,0.013333333333333308,0.013333333333333308,0.8483782722248637,0.7535485215047705,2.6535614861172463,0.013333333333333334,4,1.0,1,4,2094-142345-0000.flac,123
random_loss,0.01,importance_aware,0.1,300,30,0.0033333333333332993,0.0033333333333332993,0.8689387179160052,0.7650487314348368,2.9460828538656476,0.0033333333333333335,1,1.0,1,1,2094-142345-0000.flac,42
random_loss,0.01,importance_aware,0.1,300,30,0.013333333333333308,0.013333333333333308,0.8483782722248637,0.7535485215047705,2.6535614861172463,0.013333333333333334,4,1.0,1,4,2094-142345-0000.flac,123
random_loss,0.03,none,0.1,300,0,0.026666666666666616,0.026666666666666616,0.7902431920380172,0.7312788040908423,1.873905940859106,0.02666666666666667,8,1.0,1,8,2094-142345-0000.flac,42
random_loss,0.03,none,0.1,300,0,0.033333333333333326,0.033333333333333326,0.7863057730073046,0.7219813330444486,1.7463889272960422,0.03333333333333333,10,1.0,1,10,2094-142345-0000.flac,123
random_loss,0.03,random,0.1,300,30,0.026666666666666616,0.020000000000000018,0.8144912514587767,0.7405012915626472,2.5988930392137677,0.02,6,1.0,1,6,2094-142345-0000.flac,42
random_loss,0.03,random,0.1,300,30,0.033333333333333326,0.033333333333333326,0.8499687867442179,0.7470114492662377,1.557996519063002,0.03333333333333333,10,1.0,1,10,2094-142345-0000.flac,123
random_loss,0.03,heuristic,0.1,300,30,0.026666666666666616,0.026666666666666616,0.7902431920380172,0.7312788040908422,1.873905940859106,0.02666666666666667,8,1.0,1,8,2094-142345-0000.flac,42
random_loss,0.03,heuristic,0.1,300,30,0.033333333333333326,0.033333333333333326,0.7863057730073046,0.7219813330444487,1.7463889272960422,0.03333333333333333,10,1.0,1,10,2094-142345-0000.flac,123
random_loss,0.03,importance_aware,0.1,300,30,0.026666666666666616,0.023333333333333317,0.7918485631058494,0.7342885474874868,2.312845052386381,0.023333333333333334,7,1.0,1,7,2094-142345-0000.flac,42
random_loss,0.03,importance_aware,0.1,300,30,0.033333333333333326,0.033333333333333326,0.7863057730073046,0.7219813330444486,1.7463889272960422,0.03333333333333333,10,1.0,1,10,2094-142345-0000.flac,123
random_loss,0.05,none,0.1,300,0,0.050000000000000044,0.050000000000000044,0.7797448568142423,0.7076076433158728,1.0138579312815936,0.05,15,1.0,1,15,2094-142345-0000.flac,42
random_loss,0.05,none,0.1,300,0,0.050000000000000044,0.050000000000000044,0.7630506194706532,0.6960845913997179,0.9401001091341027,0.05,15,1.0714285714285714,2,14,2094-142345-0000.flac,123
random_loss,0.05,random,0.1,300,30,0.046666666666666634,0.033333333333333326,0.7806967920973874,0.7323005163667914,2.165262815759999,0.03333333333333333,10,1.0,1,10,2094-142345-0000.flac,42
random_loss,0.05,random,0.1,300,30,0.053333333333333344,0.050000000000000044,0.829262685735471,0.7254660034398073,0.8027436363453783,0.05,15,1.0714285714285714,2,14,2094-142345-0000.flac,123
random_loss,0.05,heuristic,0.1,300,30,0.050000000000000044,0.046666666666666634,0.7763819163734142,0.7134090934633663,1.075699206733308,0.04666666666666667,14,1.0,1,14,2094-142345-0000.flac,42
random_loss,0.05,heuristic,0.1,300,30,0.050000000000000044,0.050000000000000044,0.7630506194706532,0.6960845913997179,0.9401001091341027,0.05,15,1.0714285714285714,2,14,2094-142345-0000.flac,123
random_loss,0.05,importance_aware,0.1,300,30,0.050000000000000044,0.043333333333333335,0.7781364672398101,0.716901318611861,1.4484822570866298,0.043333333333333335,13,1.0,1,13,2094-142345-0000.flac,42
random_loss,0.05,importance_aware,0.1,300,30,0.050000000000000044,0.050000000000000044,0.7630506194706532,0.6960845913997179,0.9401001091341027,0.05,15,1.0714285714285714,2,14,2094-142345-0000.flac,123
random_loss,0.01,none,0.1,300,0,0.0033333333333332993,0.0033333333333332993,0.9249148422709782,0.8480303145382861,4.2183506823612325,0.0033333333333333335,1,1.0,1,1,2300-131720-0000.flac,42
random_loss,0.01,none,0.1,300,0,0.013333333333333308,0.013333333333333308,0.9192724450038334,0.8321174736622361,3.9427238585765565,0.013333333333333334,4,1.0,1,4,2300-131720-0000.flac,123
random_loss,0.01,random,0.1,300,30,0.0033333333333332993,0.0033333333333332993,0.9243746029905034,0.845435890012218,4.013263529760626,0.0033333333333333335,1,1.0,1,1,2300-131720-0000.flac,42
random_loss,0.01,random,0.1,300,30,0.01666666666666672,0.01666666666666672,0.9201782057163247,0.8341035138078996,3.659172350383013,0.016666666666666666,5,1.0,1,5,2300-131720-0000.flac,123
random_loss,0.01,heuristic,0.1,300,30,0.0033333333333332993,0.0033333333333332993,0.9249148422709782,0.8480303145382861,4.2183506823612325,0.0033333333333333335,1,1.0,1,1,2300-131720-0000.flac,42
random_loss,0.01,heuristic,0.1,300,30,0.013333333333333308,0.013333333333333308,0.9192724450038334,0.8321174736622361,3.9427238585765565,0.013333333333333334,4,1.0,1,4,2300-131720-0000.flac,123
random_loss,0.01,importance_aware,0.1,300,30,0.0033333333333332993,0.0033333333333332993,0.9249148422709782,0.8480303145382861,4.2183506823612325,0.0033333333333333335,1,1.0,1,1,2300-131720-0000.flac,42
random_loss,0.01,importance_aware,0.1,300,30,0.013333333333333308,0.013333333333333308,0.9192724450038334,0.832117473662236,3.9427238585765565,0.013333333333333334,4,1.0,1,4,2300-131720-0000.flac,123
random_loss,0.03,none,0.1,300,0,0.026666666666666616,0.026666666666666616,0.9098096216977383,0.8186347812542984,3.7341775927360277,0.02666666666666667,8,1.0,1,8,2300-131720-0000.flac,42
random_loss,0.03,none,0.1,300,0,0.033333333333333326,0.033333333333333326,0.9108891220726761,0.8115288941596436,3.6742314510524983,0.03333333333333333,10,1.0,1,10,2300-131720-0000.flac,123
random_loss,0.03,random,0.1,300,30,0.026666666666666616,0.020000000000000018,0.9181433371397238,0.8204043910727312,3.627044467190921,0.02,6,1.0,1,6,2300-131720-0000.flac,42
random_loss,0.03,random,0.1,300,30,0.033333333333333326,0.033333333333333326,0.9145753142074712,0.8167771953087346,3.1695723839126604,0.03333333333333333,10,1.0,1,10,2300-131720-0000.flac,123
random_loss,0.03,heuristic,0.1,300,30,0.026666666666666616,0.023333333333333317,0.9107799495997155,0.820534617984767,3.797818614699529,0.023333333333333334,7,1.0,1,7,2300-131720-0000.flac,42
random_loss,0.03,heuristic,0.1,300,30,0.033333333333333326,0.026666666666666616,0.9117932377420165,0.8183226125361507,3.7157314328584135,0.02666666666666667,8,1.0,1,8,2300-131720-0000.flac,123
random_loss,0.03,importance_aware,0.1,300,30,0.026666666666666616,0.023333333333333317,0.9107799495997155,0.820534617984767,3.797818614699529,0.023333333333333334,7,1.0,1,7,2300-131720-0000.flac,42
random_loss,0.03,importance_aware,0.1,300,30,0.033333333333333326,0.026666666666666616,0.9117932377420165,0.8183226125361507,3.7157314328584135,0.02666666666666667,8,1.0,1,8,2300-131720-0000.flac,123
random_loss,0.05,none,0.1,300,0,0.050000000000000044,0.050000000000000044,0.9024271704159392,0.7916748238724298,3.2982238477899934,0.05,15,1.0,1,15,2300-131720-0000.flac,42
random_loss,0.05,none,0.1,300,0,0.050000000000000044,0.050000000000000044,0.9061830069804115,0.7940240448162319,3.198532734862579,0.05,15,1.0714285714285714,2,14,2300-131720-0000.flac,123
random_loss,0.05,random,0.1,300,30,0.046666666666666634,0.033333333333333326,0.9094772758180873,0.8052741951615617,2.6959230872880253,0.03333333333333333,10,1.0,1,10,2300-131720-0000.flac,42
random_loss,0.05,random,0.1,300,30,0.053333333333333344,0.050000000000000044,0.9092631155041182,0.7974656027786073,2.346326949442867,0.05,15,1.0714285714285714,2,14,2300-131720-0000.flac,123
random_loss,0.05,heuristic,0.1,300,30,0.050000000000000044,0.046666666666666634,0.9033697951355253,0.793723211360371,3.3575863952758356,0.04666666666666667,14,1.0,1,14,2300-131720-0000.flac,42
random_loss,0.05,heuristic,0.1,300,30,0.050000000000000044,0.043333333333333335,0.9075861054853352,0.8013097435213541,3.251689922337073,0.043333333333333335,13,1.0833333333333333,2,12,2300-131720-0000.flac,123
random_loss,0.05,importance_aware,0.1,300,30,0.050000000000000044,0.046666666666666634,0.9033697951355253,0.793723211360371,3.3575863952758356,0.04666666666666667,14,1.0,1,14,2300-131720-0000.flac,42
random_loss,0.05,importance_aware,0.1,300,30,0.050000000000000044,0.043333333333333335,0.9075861054853352,0.8013097435213541,3.251689922337073,0.043333333333333335,13,1.0833333333333333,2,12,2300-131720-0000.flac,123
random_loss,0.01,none,0.1,300,0,0.0033333333333332993,0.0033333333333332993,0.9079985125276285,0.8326745253832127,0.6818231222498994,0.0033333333333333335,1,1.0,1,1,237-126133-0000.flac,42
random_loss,0.01,none,0.1,300,0,0.013333333333333308,0.013333333333333308,0.8993820104648762,0.8221479499417301,0.36030142248417224,0.013333333333333334,4,1.0,1,4,237-126133-0000.flac,123
random_loss,0.01,random,0.1,300,30,0.0033333333333332993,0.0033333333333332993,0.9123975947700036,0.8385749101086498,0.7399887998736955,0.0033333333333333335,1,1.0,1,1,237-126133-0000.flac,42
random_loss,0.01,random,0.1,300,30,0.01666666666666672,0.01666666666666672,0.9009717605628983,0.8253338258400506,0.513047416719032,0.016666666666666666,5,1.0,1,5,237-126133-0000.flac,123
random_loss,0.01,heuristic,0.1,300,30,0.0033333333333332993,0.0033333333333332993,0.9079985125276285,0.8326745253832127,0.6818231222498994,0.0033333333333333335,1,1.0,1,1,237-126133-0000.flac,42
random_loss,0.01,heuristic,0.1,300,30,0.013333333333333308,0.013333333333333308,0.8993820104648762,0.8221479499417301,0.36030142248417224,0.013333333333333334,4,1.0,1,4,237-126133-0000.flac,123
random_loss,0.01,importance_aware,0.1,300,30,0.0033333333333332993,0.0033333333333332993,0.9079985125276285,0.8326745253832126,0.6818231222498994,0.0033333333333333335,1,1.0,1,1,237-126133-0000.flac,42
random_loss,0.01,importance_aware,0.1,300,30,0.013333333333333308,0.013333333333333308,0.8993820104648762,0.82214794994173,0.36030142248417224,0.013333333333333334,4,1.0,1,4,237-126133-0000.flac,123
random_loss,0.03,none,0.1,300,0,0.026666666666666616,0.026666666666666616,0.8922412175216351,0.8154879315519714,-0.4255815932245586,0.02666666666666667,8,1.0,1,8,237-126133-0000.flac,42
random_loss,0.03,none,0.1,300,0,0.033333333333333326,0.033333333333333326,0.8900156858811354,0.8089630128902534,0.14688942297640195,0.03333333333333333,10,1.0,1,10,237-126133-0000.flac,123
random_loss,0.03,random,0.1,300,30,0.026666666666666616,0.020000000000000018,0.9027782421584694,0.8275076056682638,0.3287245247338716,0.02,6,1.0,1,6,237-126133-0000.flac,42
random_loss,0.03,random,0.1,300,30,0.033333333333333326,0.033333333333333326,0.8851432460497617,0.7994277844260251,-0.019697485440856897,0.03333333333333333,10,1.0,1,10,237-126133-0000.flac,123
random_loss,0.03,heuristic,0.1,300,30,0.026666666666666616,0.023333333333333317,0.8935339111137443,0.8160992304045225,-0.3614332983936138,0.023333333333333334,7,1.0,1,7,237-126133-0000.flac,42
random_loss,0.03,heuristic,0.1,300,30,0.033333333333333326,0.033333333333333326,0.8900156858811354,0.8089630128902534,0.14688942297640195,0.03333333333333333,10,1.0,1,10,237-126133-0000.flac,123
random_loss,0.03,importance_aware,0.1,300,30,0.026666666666666616,0.020000000000000018,0.9004978779090856,0.8208285050210589,-0.276417380802472,0.02,6,1.0,1,6,237-126133-0000.flac,42
random_loss,0.03,importance_aware,0.1,300,30,0.033333333333333326,0.033333333333333326,0.8900156858811354,0.8089630128902534,0.14688942297640195,0.03333333333333333,10,1.0,1,10,237-126133-0000.flac,123
random_loss,0.05,none,0.1,300,0,0.050000000000000044,0.050000000000000044,0.8752901540601887,0.7880044474534695,-0.8289743883019582,0.05,15,1.0,1,15,237-126133-0000.flac,42
random_loss,0.05,none,0.1,300,0,0.050000000000000044,0.050000000000000044,0.8730566288886966,0.7805137967395063,-0.40690449067980905,0.05,15,1.0714285714285714,2,14,237-126133-0000.flac,123
random_loss,0.05,random,0.1,300,30,0.046666666666666634,0.033333333333333326,0.8931765810075127,0.810342096574568,0.04735292843227326,0.03333333333333333,10,1.0,1,10,237-126133-0000.flac,42
random_loss,0.05,random,0.1,300,30,0.053333333333333344,0.050000000000000044,0.8803349816179846,0.7841688013224438,-0.251866580898028,0.05,15,1.0714285714285714,2,14,237-126133-0000.flac,123
random_loss,0.05,heuristic,0.1,300,30,0.050000000000000044,0.043333333333333335,0.8766461832428041,0.7910372200799825,-0.7485529413341917,0.043333333333333335,13,1.0,1,13,237-126133-0000.flac,42
random_loss,0.05,heuristic,0.1,300,30,0.050000000000000044,0.046666666666666634,0.8783618068509862,0.787989326881097,-0.26441261159119717,0.04666666666666667,14,1.0769230769230769,2,13,237-126133-0000.flac,123
random_loss,0.05,importance_aware,0.1,300,30,0.050000000000000044,0.043333333333333335,0.8820685925138979,0.7942484369906252,-0.6963909450218371,0.043333333333333335,13,1.0,1,13,237-126133-0000.flac,42
random_loss,0.05,importance_aware,0.1,300,30,0.050000000000000044,0.046666666666666634,0.8782588061245236,0.7883401683947484,-0.18558502730847537,0.04666666666666667,14,1.0769230769230769,2,13,237-126133-0000.flac,123
random_loss,0.01,none,0.1,300,0,0.0033333333333332993,0.0033333333333332993,0.9214213260404118,0.7945019086510325,3.598384069740063,0.0033333333333333335,1,1.0,1,1,260-123286-0000.flac,42
random_loss,0.01,none,0.1,300,0,0.013333333333333308,0.013333333333333308,0.9024065185325422,0.7734473738616753,2.39098627682151,0.013333333333333334,4,1.0,1,4,260-123286-0000.flac,123
random_loss,0.01,random,0.1,300,30,0.0033333333333332993,0.0033333333333332993,0.9217773331664842,0.7957534002618497,3.890104751291407,0.0033333333333333335,1,1.0,1,1,260-123286-0000.flac,42
random_loss,0.01,random,0.1,300,30,0.01666666666666672,0.01666666666666672,0.9213574923803334,0.792953393412702,3.537737532785843,0.016666666666666666,5,1.0,1,5,260-123286-0000.flac,123
random_loss,0.01,heuristic,0.1,300,30,0.0033333333333332993,0.0033333333333332993,0.9214213260404118,0.7945019086510327,3.598384069740063,0.0033333333333333335,1,1.0,1,1,260-123286-0000.flac,42
random_loss,0.01,heuristic,0.1,300,30,0.013333333333333308,0.010000000000000009,0.905370223508875,0.7770735698352125,2.4249511377785966,0.01,3,1.0,1,3,260-123286-0000.flac,123
random_loss,0.01,importance_aware,0.1,300,30,0.0033333333333332993,0.0033333333333332993,0.9214213260404118,0.7945019086510327,3.598384069740063,0.0033333333333333335,1,1.0,1,1,260-123286-0000.flac,42
random_loss,0.01,importance_aware,0.1,300,30,0.013333333333333308,0.00666666666666671,0.911382627726427,0.7783930068072452,3.331382883852701,0.006666666666666667,2,1.0,1,2,260-123286-0000.flac,123
random_loss,0.03,none,0.1,300,0,0.026666666666666616,0.026666666666666616,0.9025762398742895,0.7522728491893037,3.2871922137980385,0.02666666666666667,8,1.0,1,8,260-123286-0000.flac,42
random_loss,0.03,none,0.1,300,0,0.033333333333333326,0.033333333333333326,0.8956248588790491,0.7544842317208172,1.9322732367433615,0.03333333333333333,10,1.0,1,10,260-123286-0000.flac,123
random_loss,0.03,random,0.1,300,30,0.026666666666666616,0.020000000000000018,0.9108342749820446,0.7607915273324801,3.342108298794133,0.02,6,1.0,1,6,260-123286-0000.flac,42
random_loss,0.03,random,0.1,300,30,0.033333333333333326,0.033333333333333326,0.9193000394716497,0.7818173990895952,3.3038781758129527,0.03333333333333333,10,1.0,1,10,260-123286-0000.flac,123
random_loss,0.03,heuristic,0.1,300,30,0.026666666666666616,0.026666666666666616,0.9025762398742895,0.7522728491893037,3.2871922137980385,0.02666666666666667,8,1.0,1,8,260-123286-0000.flac,42
random_loss,0.03,heuristic,0.1,300,30,0.033333333333333326,0.030000000000000027,0.897778838048813,0.7580134931990226,1.9691243958993876,0.03,9,1.0,1,9,260-123286-0000.flac,123
random_loss,0.03,importance_aware,0.1,300,30,0.026666666666666616,0.026666666666666616,0.9025762398742895,0.7522728491893037,3.2871922137980385,0.02666666666666667,8,1.0,1,8,260-123286-0000.flac,42
random_loss,0.03,importance_aware,0.1,300,30,0.033333333333333326,0.026666666666666616,0.9038579712942606,0.7601069647420792,2.8716123703079353,0.02666666666666667,8,1.0,1,8,260-123286-0000.flac,123
random_loss,0.05,none,0.1,300,0,0.050000000000000044,0.050000000000000044,0.8680857949370216,0.6934373762434906,1.6643846575564323,0.05,15,1.0,1,15,260-123286-0000.flac,42
random_loss,0.05,none,0.1,300,0,0.050000000000000044,0.050000000000000044,0.8789757762852332,0.7321311263561421,1.4943034724985036,0.05,15,1.0714285714285714,2,14,260-123286-0000.flac,123
random_loss,0.05,random,0.1,300,30,0.046666666666666634,0.033333333333333326,0.9117376461332992,0.7605779378495052,3.1905857615744853,0.03333333333333333,10,1.0,1,10,260-123286-0000.flac,42
random_loss,0.05,random,0.1,300,30,0.053333333333333344,0.050000000000000044,0.909184913403471,0.756971079473265,1.947783466285268,0.05,15,1.0714285714285714,2,14,260-123286-0000.flac,123
random_loss,0.05,heuristic,0.1,300,30,0.050000000000000044,0.050000000000000044,0.8680857949370216,0.6934373762434904,1.6643846575564323,0.05,15,1.0,1,15,260-123286-0000.flac,42
random_loss,0.05,heuristic,0.1,300,30,0.050000000000000044,0.046666666666666634,0.8811700808039434,0.7354681759653423,1.5311958063768714,0.04666666666666667,14,1.0769230769230769,2,13,260-123286-0000.flac,123
random_loss,0.05,importance_aware,0.1,300,30,0.050000000000000044,0.050000000000000044,0.8680857949370216,0.6934373762434906,1.6643846575564323,0.05,15,1.0,1,15,260-123286-0000.flac,42
random_loss,0.05,importance_aware,0.1,300,30,0.050000000000000044,0.043333333333333335,0.8868014666945222,0.7372729484159365,2.440539924708811,0.043333333333333335,13,1.0833333333333333,2,12,260-123286-0000.flac,123
